{
  "mode": "single",
  "predictions": [
    {
      "pitch_id": "example_pitch",
      "method": "velocity",
      "n_points": 5,
      "predicted_cross": {
        "x": 600.0000000000048,
        "y": 360.00000000000045
      },
      "actual_cross": {
        "x": 600.0,
        "y": 360.0
      },
      "error_px": 4.796452938018999e-12,
      "x_error_px": 4.774847184307873e-12,
      "y_error_px": 4.547473508864641e-13,
      "details": {
        "degree": 2,
        "future_frame": 121.0,
        "frame0": 101.0,
        "x_coef": [
          1.8698956953955492e-14,
          9.999999999999872,
          399.99999999999983
        ],
        "y_coef": [
          0.10000000000000395,
          5.999999999999944,
          199.99999999999997
        ],
        "timing_source": "actual_cross_frame"
      }
    }
  ],
  "summary": {
    "count": 1,
    "mean_error_px": 4.796452938018999e-12,
    "median_error_px": 4.796452938018999e-12,
    "p90_error_px": 4.796452938018999e-12,
    "max_error_px": 4.796452938018999e-12,
    "mean_abs_x_error_px": 4.774847184307873e-12,
    "mean_abs_y_error_px": 4.547473508864641e-13
  }
}
